trip_date,yellow_trips,green_trips,fhvhv_trips,prcp_mm,snow_mm,snwd_mm,tmax_c,tmin_c,awnd_ms,wsf5_ms,taxi_trips,weekday,is_weekend,month,taxi_wd_mean,taxi_anom,fhvhv_wd_mean,fhvhv_anom
2024-01-01,81013,1189,638406,0.8,0.0,0.0,8.3,1.7,1.5,7.2,82202,0,False,1,98257.96226415095,-16055.962264150949,563058.9811320754,75347.01886792458
2024-01-02,75519,1668,478254,0.0,0.0,0.0,5.6,-1.6,1.8,7.2,77187,1,False,1,113216.16981132075,-36029.16981132075,589765.0188679246,-111511.01886792458
2024-01-03,82427,1790,498332,0.0,0.0,0.0,6.1,1.1,2.2,6.7,84217,2,False,1,119606.42307692308,-35389.42307692308,624117.75,-125785.75
2024-01-04,102901,2101,572632,0.0,0.0,0.0,7.2,-2.1,3.4,13.4,105002,3,False,1,125640.19230769231,-20638.192307692312,657690.5,-85058.5
2024-01-05,103178,2119,656654,0.0,0.0,0.0,2.8,-3.2,3.2,10.7,105297,4,False,1,119305.53846153847,-14008.538461538468,718960.8461538461,-62306.84615384613
2024-01-06,97117,1628,709028,10.4,5.0,0.0,3.3,-0.5,3.1,15.7,98745,5,True,1,121461.96153846153,-22716.96153846153,769462.0384615385,-60434.0384615385
2024-01-07,67543,1129,542767,6.1,0.0,0.0,3.3,1.1,3.4,10.7,68672,6,True,1,102865.36538461539,-34193.36538461539,659976.0961538461,-117209.09615384613
2024-01-08,80034,1952,519594,0.0,0.0,0.0,7.2,2.2,2.3,13.4,81986,0,False,1,98257.96226415095,-16271.962264150949,563058.9811320754,-43464.98113207542
2024-01-09,93962,2061,624357,43.9,0.0,0.0,13.9,2.2,2.9,19.2,96023,1,False,1,113216.16981132075,-17193.169811320753,589765.0188679246,34591.98113207542
2024-01-10,95000,2015,567258,5.6,0.0,0.0,13.9,6.7,3.8,16.1,97015,2,False,1,119606.42307692308,-22591.423076923078,624117.75,-56859.75
2024-01-11,105010,2095,608276,0.0,0.0,0.0,8.3,5.0,3.1,10.3,107105,3,False,1,125640.19230769231,-18535.192307692312,657690.5,-49414.5
2024-01-12,103655,2046,683589,2.0,0.0,0.0,10.0,4.4,3.1,14.3,105701,4,False,1,119305.53846153847,-13604.538461538468,718960.8461538461,-35371.84615384613
2024-01-13,104758,1699,752707,20.6,0.0,0.0,15.6,1.7,4.3,17.4,106457,5,True,1,121461.96153846153,-15004.961538461532,769462.0384615385,-16755.038461538497
2024-01-14,94420,1432,683813,0.0,0.0,0.0,6.7,-3.2,3.7,16.5,95852,6,True,1,102865.36538461539,-7013.36538461539,659976.0961538461,23836.903846153873
2024-01-15,77033,1332,559250,1.0,10.0,0.0,-1.6,-4.9,2.3,10.7,78365,0,False,1,98257.96226415095,-19892.96226415095,563058.9811320754,-3808.9811320754234
2024-01-16,93057,1877,616550,7.1,33.0,30.0,0.0,-5.5,4.1,16.1,94934,1,False,1,113216.16981132075,-18282.169811320753,589765.0188679246,26784.981132075423
2024-01-17,110365,2225,679757,0.0,0.0,30.0,-4.3,-8.2,3.7,12.5,112590,2,False,1,119606.42307692308,-7016.423076923078,624117.75,55639.25
2024-01-18,110358,2113,683942,0.0,0.0,30.0,1.1,-5.5,2.7,11.6,112471,3,False,1,125640.19230769231,-13169.192307692312,657690.5,26251.5
2024-01-19,95951,1980,738610,1.0,10.0,30.0,0.0,-3.2,3.3,16.5,97931,4,False,1,119305.53846153847,-21374.53846153847,718960.8461538461,19649.153846153873
2024-01-20,108768,1689,824655,0.0,0.0,30.0,-3.2,-7.7,4.8,16.1,110457,5,True,1,121461.96153846153,-11004.961538461532,769462.0384615385,55192.9615384615
2024-01-21,84502,1402,677837,0.0,0.0,30.0,-0.5,-6.6,4.1,15.7,85904,6,True,1,102865.36538461539,-16961.36538461539,659976.0961538461,17860.903846153873
2024-01-22,85650,1872,571017,0.0,0.0,30.0,3.3,-3.8,3.2,9.8,87522,0,False,1,98257.96226415095,-10735.962264150949,563058.9811320754,7958.018867924577
2024-01-23,99891,1903,588519,1.3,0.0,30.0,4.4,1.1,2.2,12.5,101794,1,False,1,113216.16981132075,-11422.169811320753,589765.0188679246,-1246.0188679245766
2024-01-24,105120,2026,621733,1.3,0.0,0.0,8.9,3.3,,16.5,107146,2,False,1,119606.42307692308,-12460.423076923078,624117.75,-2384.75
2024-01-25,110318,2076,652971,6.1,0.0,0.0,15.0,7.8,1.9,10.3,112394,3,False,1,125640.19230769231,-13246.192307692312,657690.5,-4719.5
2024-01-26,105804,2033,715382,4.8,0.0,0.0,7.8,5.6,2.5,13.4,107837,4,False,1,119305.53846153847,-11468.538461538468,718960.8461538461,-3578.846153846127
2024-01-27,110515,1583,752194,0.0,0.0,0.0,9.4,6.1,,16.5,112098,5,True,1,121461.96153846153,-9363.961538461532,769462.0384615385,-17268.038461538497
2024-01-28,92837,1415,702812,20.8,0.0,0.0,6.7,2.8,4.2,19.7,94252,6,True,1,102865.36538461539,-8613.36538461539,659976.0961538461,42835.90384615387
2024-01-29,84547,1984,550917,1.3,0.0,0.0,4.4,2.2,3.4,15.7,86531,0,False,1,98257.96226415095,-11726.962264150949,563058.9811320754,-12141.981132075423
2024-01-30,101233,2013,582756,0.0,0.0,0.0,3.3,1.7,2.1,11.6,103246,1,False,1,113216.16981132075,-9970.169811320753,589765.0188679246,-7009.018867924577
2024-01-31,102131,2108,609361,0.0,0.0,0.0,4.4,1.1,1.6,8.9,104239,2,False,1,119606.42307692308,-15367.423076923078,624117.75,-14756.75
2024-02-01,109997,2046,646815,0.0,0.0,0.0,7.8,2.8,1.7,8.5,112043,3,False,2,125640.19230769231,-13597.192307692312,657690.5,-10875.5
2024-02-02,105470,2077,743196,8.1,0.0,0.0,7.8,3.3,2.6,11.2,107547,4,False,2,119305.53846153847,-11758.538461538468,718960.8461538461,24235.153846153873
2024-02-03,110603,1708,780653,0.0,0.0,0.0,6.1,0.0,3.7,10.7,112311,5,True,2,121461.96153846153,-9150.961538461532,769462.0384615385,11190.961538461503
2024-02-04,88091,1393,646840,0.0,0.0,0.0,7.8,-0.5,2.3,9.4,89484,6,True,2,102865.36538461539,-13381.36538461539,659976.0961538461,-13136.096153846127
2024-02-05,88421,1957,562379,0.0,0.0,0.0,7.2,0.0,3.3,15.7,90378,0,False,2,98257.96226415095,-7879.962264150949,563058.9811320754,-679.9811320754234
2024-02-06,102152,2027,586638,0.0,0.0,0.0,5.6,-1.6,3.0,10.3,104179,1,False,2,113216.16981132075,-9037.169811320753,589765.0188679246,-3127.0188679245766
2024-02-07,102971,1973,605046,0.0,0.0,0.0,8.9,0.6,1.9,6.3,104944,2,False,2,119606.42307692308,-14662.423076923078,624117.75,-19071.75
2024-02-08,114063,2176,655753,0.0,0.0,0.0,11.7,2.8,1.4,6.7,116239,3,False,2,125640.19230769231,-9401.192307692312,657690.5,-1937.5
2024-02-09,110502,2120,740284,0.0,0.0,0.0,12.8,6.1,1.9,9.8,112622,4,False,2,119305.53846153847,-6683.538461538468,718960.8461538461,21323.153846153873
2024-02-10,111655,1721,778586,0.0,0.0,0.0,15.6,8.3,1.4,7.6,113376,5,True,2,121461.96153846153,-8085.961538461532,769462.0384615385,9123.961538461503
2024-02-11,96566,1449,710964,0.0,0.0,0.0,13.3,6.1,2.6,9.8,98015,6,True,2,102865.36538461539,-4850.36538461539,659976.0961538461,50987.90384615387
2024-02-12,92090,1992,599325,0.0,0.0,0.0,8.9,2.8,1.9,9.4,94082,0,False,2,98257.96226415095,-4175.962264150949,563058.9811320754,36266.01886792458
2024-02-13,69067,1075,508514,19.6,81.0,30.0,5.0,0.6,3.8,12.1,70142,1,False,2,113216.16981132075,-43074.16981132075,589765.0188679246,-81251.01886792458
2024-02-14,121771,2378,744441,0.0,0.0,50.0,3.3,-1.6,5.1,16.5,124149,2,False,2,119606.42307692308,4542.576923076922,624117.75,120323.25
2024-02-15,122956,2254,696912,0.0,0.0,0.0,3.9,-2.7,2.7,11.2,125210,3,False,2,125640.19230769231,-430.19230769231217,657690.5,39221.5
2024-02-16,105841,2027,731877,0.0,0.0,0.0,6.1,2.2,3.7,15.2,107868,4,False,2,119305.53846153847,-11437.538461538468,718960.8461538461,12916.153846153873
2024-02-17,105811,1540,779741,4.6,51.0,50.0,2.2,-2.7,3.4,13.0,107351,5,True,2,121461.96153846153,-14110.961538461532,769462.0384615385,10278.961538461503
2024-02-18,93788,1504,682470,0.0,0.0,0.0,4.4,-3.2,3.2,14.8,95292,6,True,2,102865.36538461539,-7573.36538461539,659976.0961538461,22493.903846153873
2024-02-19,76073,1538,552966,0.0,0.0,0.0,5.0,-0.5,2.2,10.7,77611,0,False,2,98257.96226415095,-20646.96226415095,563058.9811320754,-10092.981132075423
2024-02-20,97086,1822,576389,0.0,0.0,0.0,4.4,-3.2,2.4,10.3,98908,1,False,2,113216.16981132075,-14308.169811320753,589765.0188679246,-13376.018867924577
2024-02-21,103545,1851,602038,0.0,0.0,0.0,6.1,-1.0,2.1,8.1,105396,2,False,2,119606.42307692308,-14210.423076923078,624117.75,-22079.75
2024-02-22,115608,1955,665534,1.0,0.0,0.0,7.2,1.7,1.7,8.9,117563,3,False,2,125640.19230769231,-8077.192307692312,657690.5,7843.5
2024-02-23,102442,1801,714613,1.0,0.0,0.0,8.3,5.6,1.3,6.7,104243,4,False,2,119305.53846153847,-15062.538461538468,718960.8461538461,-4347.846153846127
2024-02-24,117831,1574,794314,0.0,0.0,0.0,6.7,-2.1,2.9,10.3,119405,5,True,2,121461.96153846153,-2056.9615384615317,769462.0384615385,24851.961538461503
2024-02-25,95826,1359,673512,0.0,0.0,0.0,5.0,-4.9,1.9,9.4,97185,6,True,2,102865.36538461539,-5680.36538461539,659976.0961538461,13535.903846153873
2024-02-26,86321,1873,566028,0.3,0.0,0.0,12.8,1.7,2.0,10.3,88194,0,False,2,98257.96226415095,-10063.962264150949,563058.9811320754,2969.0188679245766
2024-02-27,118614,2019,637265,13.2,0.0,0.0,12.8,4.4,2.2,8.9,120633,1,False,2,113216.16981132075,7416.830188679247,589765.0188679246,47499.98113207542
2024-02-28,112463,2106,665828,4.3,0.0,0.0,16.7,6.7,3.4,21.9,114569,2,False,2,119606.42307692308,-5037.423076923078,624117.75,41710.25
2024-02-29,129909,2263,710227,0.0,0.0,0.0,6.1,-0.5,4.5,19.2,132172,3,False,2,125640.19230769231,6531.807692307688,657690.5,52536.5
2024-03-01,117640,2095,761075,0.0,0.0,0.0,8.9,-1.0,1.9,10.3,119735,4,False,3,119305.53846153847,429.46153846153175,718960.8461538461,42114.15384615387
2024-03-02,122463,1638,869891,32.3,0.0,0.0,12.8,5.6,2.0,11.2,124101,5,True,3,121461.96153846153,2639.0384615384683,769462.0384615385,100428.9615384615
2024-03-03,97000,1460,664404,0.0,0.0,0.0,20.0,8.9,1.9,8.1,98460,6,True,3,102865.36538461539,-4405.36538461539,659976.0961538461,4427.903846153873
2024-03-04,94198,1913,578288,0.0,0.0,0.0,15.0,7.8,2.6,9.8,96111,0,False,3,98257.96226415095,-2146.9622641509486,563058.9811320754,15229.018867924577
2024-03-05,112562,1987,662191,10.9,0.0,0.0,9.4,5.6,4.1,16.5,114549,1,False,3,113216.16981132075,1332.830188679247,589765.0188679246,72425.98113207542
2024-03-06,132881,2286,719432,30.5,0.0,0.0,11.7,8.3,2.1,13.4,135167,2,False,3,119606.42307692308,15560.576923076922,624117.75,95314.25
2024-03-07,122119,2150,670736,2.8,0.0,0.0,12.2,6.7,3.5,13.9,124269,3,False,3,125640.19230769231,-1371.1923076923122,657690.5,13045.5
2024-03-08,119534,2085,736998,0.0,0.0,0.0,13.9,4.4,2.3,10.7,121619,4,False,3,119305.53846153847,2313.4615384615317,718960.8461538461,18037.153846153873
2024-03-09,140493,1769,884494,38.9,0.0,0.0,9.4,5.0,3.3,14.3,142262,5,True,3,121461.96153846153,20800.03846153847,769462.0384615385,115031.9615384615
2024-03-10,104486,1430,672286,0.8,0.0,0.0,10.6,2.8,4.3,17.0,105916,6,True,3,102865.36538461539,3050.63461538461,659976.0961538461,12309.903846153873
2024-03-11,98319,1839,593982,0.0,0.0,0.0,11.1,1.7,5.7,23.7,100158,0,False,3,98257.96226415095,1900.0377358490514,563058.9811320754,30923.018867924577
2024-03-12,112219,1907,578606,0.0,0.0,0.0,18.9,6.1,2.7,12.1,114126,1,False,3,113216.16981132075,909.8301886792469,589765.0188679246,-11159.018867924577
2024-03-13,119723,2086,620134,0.0,0.0,0.0,16.7,8.9,1.6,8.9,121809,2,False,3,119606.42307692308,2202.576923076922,624117.75,-3983.75
2024-03-14,137060,2108,673033,0.0,0.0,0.0,23.3,7.8,1.1,8.9,139168,3,False,3,125640.19230769231,13527.807692307688,657690.5,15342.5
2024-03-15,128813,2036,740231,0.0,0.0,0.0,22.8,10.6,3.0,12.5,130849,4,False,3,119305.53846153847,11543.461538461532,718960.8461538461,21270.153846153873
2024-03-16,131432,1684,781234,0.0,0.0,0.0,16.1,8.3,2.0,10.3,133116,5,True,3,121461.96153846153,11654.038461538468,769462.0384615385,11771.961538461503
2024-03-17,103415,1426,651847,0.0,0.0,0.0,17.2,8.9,3.0,13.9,104841,6,True,3,102865.36538461539,1975.6346153846098,659976.0961538461,-8129.096153846127
2024-03-18,94988,1880,570102,0.0,0.0,0.0,10.6,3.3,3.3,13.0,96868,0,False,3,98257.96226415095,-1389.9622641509486,563058.9811320754,7043.018867924577
2024-03-19,111714,1985,595922,0.0,0.0,0.0,8.9,2.2,3.4,13.9,113699,1,False,3,113216.16981132075,482.83018867924693,589765.0188679246,6156.981132075423
2024-03-20,118999,2052,634866,0.3,0.0,0.0,13.9,1.1,3.0,17.4,121051,2,False,3,119606.42307692308,1444.576923076922,624117.75,10748.25
2024-03-21,130803,2119,679116,0.0,0.0,0.0,6.1,-1.0,4.1,16.5,132922,3,False,3,125640.19230769231,7281.807692307688,657690.5,21425.5
2024-03-22,116847,1953,744124,0.0,0.0,0.0,7.8,-1.6,2.2,10.3,118800,4,False,3,119305.53846153847,-505.53846153846825,718960.8461538461,25163.153846153873
2024-03-23,121966,1389,875253,93.0,0.0,0.0,10.0,1.7,3.2,15.7,123355,5,True,3,121461.96153846153,1893.0384615384683,769462.0384615385,105790.9615384615
2024-03-24,101913,1383,681416,0.0,0.0,0.0,8.9,-0.5,3.5,11.6,103296,6,True,3,102865.36538461539,430.6346153846098,659976.0961538461,21439.903846153873
2024-03-25,93442,1801,569245,0.0,0.0,0.0,11.7,1.7,3.9,16.1,95243,0,False,3,98257.96226415095,-3014.9622641509486,563058.9811320754,6186.018867924577
2024-03-26,112693,1947,592684,0.0,0.0,0.0,11.7,3.9,2.7,10.7,114640,1,False,3,113216.16981132075,1423.830188679247,589765.0188679246,2918.9811320754234
2024-03-27,121188,2035,641618,1.5,0.0,0.0,11.1,5.6,1.2,7.2,123223,2,False,3,119606.42307692308,3616.576923076922,624117.75,17500.25
2024-03-28,132715,2144,711645,17.8,0.0,0.0,10.6,6.7,2.1,8.9,134859,3,False,3,125640.19230769231,9218.807692307688,657690.5,53954.5
2024-03-29,119850,1836,718176,0.0,0.0,0.0,13.3,5.6,5.0,17.9,121686,4,False,3,119305.53846153847,2380.4615384615317,718960.8461538461,-784.846153846127
2024-03-30,112652,1549,749228,1.0,0.0,0.0,16.7,5.0,3.8,14.3,114201,5,True,3,121461.96153846153,-7260.961538461532,769462.0384615385,-20234.038461538497
2024-03-31,98484,1479,658531,0.5,0.0,0.0,16.7,8.3,2.0,10.3,99963,6,True,3,102865.36538461539,-2902.36538461539,659976.0961538461,-1445.096153846127
2024-04-01,93870,1877,561237,0.3,0.0,0.0,12.2,9.4,1.3,7.2,95747,0,False,4,98257.96226415095,-2510.9622641509486,563058.9811320754,-1821.9811320754234
2024-04-02,131634,2099,678950,22.1,0.0,0.0,10.6,6.7,3.1,10.3,133733,1,False,4,113216.16981132075,20516.830188679247,589765.0188679246,89184.98113207542
2024-04-03,139775,2350,752511,39.4,0.0,0.0,7.2,5.0,6.3,26.4,142125,2,False,4,119606.42307692308,22518.576923076922,624117.75,128393.25
2024-04-04,137504,2143,684487,5.3,0.0,0.0,11.7,2.8,3.0,20.1,139647,3,False,4,125640.19230769231,14006.807692307688,657690.5,26796.5
2024-04-05,134463,1986,744208,0.0,0.0,0.0,10.0,3.3,3.6,13.4,136449,4,False,4,119305.53846153847,17143.46153846153,718960.8461538461,25247.153846153873
2024-04-06,131609,1654,774123,0.0,0.0,0.0,12.2,5.6,3.4,13.0,133263,5,True,4,121461.96153846153,11801.038461538468,769462.0384615385,4660.961538461503
2024-04-07,105570,1408,653320,0.0,0.0,0.0,15.6,6.1,2.9,12.1,106978,6,True,4,102865.36538461539,4112.63461538461,659976.0961538461,-6656.096153846127
2024-04-08,97245,1771,560029,0.0,0.0,0.0,20.6,6.1,1.0,5.8,99016,0,False,4,98257.96226415095,758.0377358490514,563058.9811320754,-3029.9811320754234
2024-04-09,120618,1920,587622,0.0,0.0,0.0,26.7,12.8,1.3,8.5,122538,1,False,4,113216.16981132075,9321.830188679247,589765.0188679246,-2143.0188679245766
2024-04-10,121815,1614,606814,0.0,0.0,0.0,19.4,10.6,3.0,9.4,123429,2,False,4,119606.42307692308,3822.576923076922,624117.75,-17303.75
2024-04-11,142640,2225,679477,6.1,0.0,0.0,16.1,10.0,2.8,13.4,144865,3,False,4,125640.19230769231,19224.807692307688,657690.5,21786.5
2024-04-12,123884,2016,745442,8.6,0.0,0.0,17.2,13.3,4.0,18.3,125900,4,False,4,119305.53846153847,6594.461538461532,718960.8461538461,26481.153846153873
2024-04-13,129801,1669,799234,0.3,0.0,0.0,13.3,8.3,5.2,19.7,131470,5,True,4,121461.96153846153,10008.038461538468,769462.0384615385,29771.961538461503
2024-04-14,111479,1504,678027,2.5,0.0,0.0,23.9,8.9,2.2,17.4,112983,6,True,4,102865.36538461539,10117.63461538461,659976.0961538461,18050.903846153873
2024-04-15,101058,1967,580702,0.0,0.0,0.0,27.8,14.4,2.4,13.4,103025,0,False,4,98257.96226415095,4767.037735849051,563058.9811320754,17643.018867924577
2024-04-16,111018,1932,586961,0.0,0.0,0.0,22.8,12.2,1.9,9.8,112950,1,False,4,113216.16981132075,-266.16981132075307,589765.0188679246,-2804.0188679245766
2024-04-17,126607,2150,648525,0.5,0.0,0.0,16.7,10.0,3.1,9.8,128757,2,False,4,119606.42307692308,9150.576923076922,624117.75,24407.25
2024-04-18,134386,2170,697078,0.3,0.0,0.0,10.0,7.2,4.8,15.7,136556,3,False,4,125640.19230769231,10915.807692307688,657690.5,39387.5
2024-04-19,119285,1987,738005,0.0,0.0,0.0,15.6,7.8,2.3,8.5,121272,4,False,4,119305.53846153847,1966.4615384615317,718960.8461538461,19044.153846153873
2024-04-20,132925,1835,795980,1.3,0.0,0.0,21.7,8.3,1.9,12.5,134760,5,True,4,121461.96153846153,13298.038461538468,769462.0384615385,26517.961538461503
2024-04-21,105839,1594,665664,0.0,0.0,0.0,12.2,5.6,2.4,9.8,107433,6,True,4,102865.36538461539,4567.63461538461,659976.0961538461,5687.903846153873
2024-04-22,90393,1755,529269,0.0,0.0,0.0,17.8,5.6,1.8,9.8,92148,0,False,4,98257.96226415095,-6109.962264150949,563058.9811320754,-33789.98113207542
2024-04-23,100084,1819,535679,0.0,0.0,0.0,18.3,7.8,2.2,14.3,101903,1,False,4,113216.16981132075,-11313.169811320753,589765.0188679246,-54086.01886792458
2024-04-24,108657,1945,576210,0.0,0.0,0.0,23.3,10.0,2.2,13.9,110602,2,False,4,119606.42307692308,-9004.423076923078,624117.75,-47907.75
2024-04-25,122980,1936,629372,0.0,0.0,0.0,15.6,6.1,2.5,12.5,124916,3,False,4,125640.19230769231,-724.1923076923122,657690.5,-28318.5
2024-04-26,113011,1848,690030,0.0,0.0,0.0,18.3,6.1,2.0,10.3,114859,4,False,4,119305.53846153847,-4446.538461538468,718960.8461538461,-28930.846153846127
2024-04-27,117875,1895,759208,0.0,0.0,0.0,17.8,7.8,1.4,9.8,119770,5,True,4,121461.96153846153,-1691.9615384615317,769462.0384615385,-10254.038461538497
2024-04-28,99321,1590,653779,0.3,0.0,0.0,26.1,11.1,0.6,6.7,100911,6,True,4,102865.36538461539,-1954.3653846153902,659976.0961538461,-6197.096153846127
2024-04-29,97090,1851,561732,0.5,0.0,0.0,30.6,17.2,1.5,11.6,98941,0,False,4,98257.96226415095,683.0377358490514,563058.9811320754,-1326.9811320754234
2024-04-30,111859,1963,579363,0.8,0.0,0.0,18.9,11.1,3.3,10.3,113822,1,False,4,113216.16981132075,605.8301886792469,589765.0188679246,-10402.018867924577
2024-05-01,121929,2088,631397,0.5,0.0,0.0,26.7,11.7,1.3,8.9,124017,2,False,5,119606.42307692308,4410.576923076922,624117.75,7279.25
2024-05-02,133110,2215,673160,0.0,0.0,0.0,26.1,11.7,1.6,10.7,135325,3,False,5,125640.19230769231,9684.807692307688,657690.5,15469.5
2024-05-03,128046,2126,735230,0.0,0.0,0.0,18.3,11.1,2.4,9.8,130172,4,False,5,119305.53846153847,10866.461538461532,718960.8461538461,16269.153846153873
2024-05-04,133764,1830,798234,0.0,0.0,0.0,17.2,9.4,2.2,9.4,135594,5,True,5,121461.96153846153,14132.038461538468,769462.0384615385,28771.961538461503
2024-05-05,120116,1705,706644,7.9,0.0,0.0,12.2,9.4,2.1,9.8,121821,6,True,5,102865.36538461539,18955.63461538461,659976.0961538461,46667.90384615387
2024-05-06,102937,1940,574155,0.0,0.0,0.0,23.3,11.7,1.0,5.8,104877,0,False,5,98257.96226415095,6619.037735849051,563058.9811320754,11096.018867924577
2024-05-07,119368,2023,593753,0.0,0.0,0.0,26.7,15.0,1.5,8.5,121391,1,False,5,113216.16981132075,8174.830188679247,589765.0188679246,3987.9811320754234
2024-05-08,127738,2069,647877,5.3,0.0,0.0,28.9,18.3,1.7,11.6,129807,2,False,5,119606.42307692308,10200.576923076922,624117.75,23759.25
2024-05-09,136618,2220,670821,0.0,0.0,0.0,21.1,13.3,2.6,9.4,138838,3,False,5,125640.19230769231,13197.807692307688,657690.5,13130.5
2024-05-10,138324,2197,782165,5.8,0.0,0.0,13.3,8.9,2.7,11.2,140521,4,False,5,119305.53846153847,21215.46153846153,718960.8461538461,63204.15384615387
2024-05-11,131001,1780,778451,0.0,0.0,0.0,17.8,8.3,1.4,11.2,132781,5,True,5,121461.96153846153,11319.038461538468,769462.0384615385,8988.961538461503
2024-05-12,112607,1695,711841,3.8,0.0,0.0,13.9,8.9,1.2,7.2,114302,6,True,5,102865.36538461539,11436.63461538461,659976.0961538461,51864.90384615387
2024-05-13,111384,2045,589121,0.0,0.0,0.0,18.3,9.4,1.7,7.6,113429,0,False,5,98257.96226415095,15171.037735849051,563058.9811320754,26062.018867924577
2024-05-14,131795,2189,631106,0.8,0.0,0.0,22.2,12.8,0.8,7.2,133984,1,False,5,113216.16981132075,20767.830188679247,589765.0188679246,41340.98113207542
2024-05-15,138562,2200,686551,7.1,0.0,0.0,17.8,15.0,3.4,14.8,140762,2,False,5,119606.42307692308,21155.576923076922,624117.75,62433.25
2024-05-16,143801,2296,699398,6.9,0.0,0.0,17.8,15.0,3.7,13.0,146097,3,False,5,125640.19230769231,20456.807692307688,657690.5,41707.5
2024-05-17,133268,2101,741530,0.0,0.0,0.0,22.2,14.4,2.0,12.5,135369,4,False,5,119305.53846153847,16063.461538461532,718960.8461538461,22569.153846153873
2024-05-18,138069,1807,800554,1.0,0.0,0.0,20.6,15.0,1.7,6.7,139876,5,True,5,121461.96153846153,18414.03846153847,769462.0384615385,31091.961538461503
2024-05-19,114559,1774,673966,0.0,0.0,0.0,23.9,13.3,1.9,8.9,116333,6,True,5,102865.36538461539,13467.63461538461,659976.0961538461,13989.903846153873
2024-05-20,106889,1897,574030,0.0,0.0,0.0,23.3,12.8,1.6,8.9,108786,0,False,5,98257.96226415095,10528.037735849051,563058.9811320754,10971.018867924577
2024-05-21,121481,2004,597854,0.0,0.0,0.0,28.3,14.4,1.3,7.2,123485,1,False,5,113216.16981132075,10268.830188679247,589765.0188679246,8088.981132075423
2024-05-22,130889,2178,644928,0.0,0.0,0.0,28.9,19.4,2.3,9.8,133067,2,False,5,119606.42307692308,13460.576923076922,624117.75,20810.25
2024-05-23,122594,2162,674753,19.8,0.0,0.0,26.1,19.4,1.3,10.7,124756,3,False,5,125640.19230769231,-884.1923076923122,657690.5,17062.5
2024-05-24,109756,2040,705568,0.0,0.0,0.0,28.9,20.0,1.1,8.9,111796,4,False,5,119305.53846153847,-7509.538461538468,718960.8461538461,-13392.846153846127
2024-05-25,90098,1585,695322,0.0,0.0,0.0,27.2,18.9,1.1,7.6,91683,5,True,5,121461.96153846153,-29778.96153846153,769462.0384615385,-74140.0384615385
2024-05-26,85651,1524,652818,0.0,0.0,0.0,27.8,18.3,1.3,8.5,87175,6,True,5,102865.36538461539,-15690.36538461539,659976.0961538461,-7158.096153846127
2024-05-27,72579,1445,517163,24.4,0.0,0.0,22.8,18.9,1.3,11.2,74024,0,False,5,98257.96226415095,-24233.96226415095,563058.9811320754,-45895.98113207542
2024-05-28,104696,1874,553023,0.0,0.0,0.0,26.1,18.3,2.9,13.0,106570,1,False,5,113216.16981132075,-6646.169811320753,589765.0188679246,-36742.01886792458
2024-05-29,121234,1999,615657,16.5,0.0,0.0,24.4,15.6,1.6,13.4,123233,2,False,5,119606.42307692308,3626.576923076922,624117.75,-8460.75
2024-05-30,123711,1980,639326,4.6,0.0,0.0,21.7,13.9,2.2,8.9,125691,3,False,5,125640.19230769231,50.80769230768783,657690.5,-18364.5
2024-05-31,117269,2019,708142,0.0,0.0,0.0,23.9,15.0,2.0,9.8,119288,4,False,5,119305.53846153847,-17.538461538468255,718960.8461538461,-10818.846153846127
2024-06-01,130704,1879,785051,0.0,0.0,0.0,28.3,15.6,1.3,7.6,132583,5,True,6,121461.96153846153,11121.038461538468,769462.0384615385,15588.961538461503
2024-06-02,107051,1780,670749,0.0,0.0,0.0,27.2,19.4,1.1,8.5,108831,6,True,6,102865.36538461539,5965.63461538461,659976.0961538461,10772.903846153873
2024-06-03,109666,1813,577612,0.0,0.0,0.0,30.0,22.2,1.3,6.3,111479,0,False,6,98257.96226415095,13221.037735849051,563058.9811320754,14553.018867924577
2024-06-04,124790,2002,597400,0.0,0.0,0.0,26.1,18.3,1.3,7.2,126792,1,False,6,113216.16981132075,13575.830188679247,589765.0188679246,7634.981132075423
2024-06-05,134055,1970,645637,0.0,0.0,0.0,26.1,18.3,1.1,9.8,136025,2,False,6,119606.42307692308,16418.576923076922,624117.75,21519.25
2024-06-06,142060,2139,702187,19.6,0.0,0.0,27.2,20.0,0.9,11.2,144199,3,False,6,125640.19230769231,18558.807692307688,657690.5,44496.5
2024-06-07,132048,2117,737530,0.0,0.0,0.0,27.8,18.9,1.5,14.3,134165,4,False,6,119305.53846153847,14859.461538461532,718960.8461538461,18569.153846153873
2024-06-08,132327,1663,778345,0.0,0.0,0.0,24.4,17.2,2.5,12.5,133990,5,True,6,121461.96153846153,12528.038461538468,769462.0384615385,8882.961538461503
2024-06-09,106992,1674,668389,0.0,0.0,0.0,23.3,18.3,2.2,13.9,108666,6,True,6,102865.36538461539,5800.63461538461,659976.0961538461,8412.903846153873
2024-06-10,105793,1871,577954,0.0,0.0,0.0,23.9,16.7,2.7,9.8,107664,0,False,6,98257.96226415095,9406.037735849051,563058.9811320754,14895.018867924577
2024-06-11,119426,1956,593756,0.0,0.0,0.0,22.8,15.0,1.4,6.3,121382,1,False,6,113216.16981132075,8165.830188679247,589765.0188679246,3990.9811320754234
2024-06-12,122534,1984,622726,0.0,0.0,0.0,24.4,16.1,1.0,5.8,124518,2,False,6,119606.42307692308,4911.576923076922,624117.75,-1391.75
2024-06-13,128141,2146,676030,0.0,0.0,0.0,28.9,18.3,1.4,8.9,130287,3,False,6,125640.19230769231,4646.807692307688,657690.5,18339.5
2024-06-14,123454,1966,764866,7.1,0.0,0.0,29.4,18.3,1.5,14.8,125420,4,False,6,119305.53846153847,6114.461538461532,718960.8461538461,45905.15384615387
2024-06-15,115235,1712,766860,0.0,0.0,0.0,26.7,18.3,1.6,9.4,116947,5,True,6,121461.96153846153,-4514.961538461532,769462.0384615385,-2602.0384615384974
2024-06-16,104995,1217,646311,0.0,0.0,0.0,25.6,17.2,2.3,8.9,106212,6,True,6,102865.36538461539,3346.63461538461,659976.0961538461,-13665.096153846127
2024-06-17,100477,1700,553321,0.0,0.0,0.0,28.3,18.3,1.3,8.5,102177,0,False,6,98257.96226415095,3919.0377358490514,563058.9811320754,-9737.981132075423
2024-06-18,122017,1861,618023,0.0,0.0,0.0,30.0,21.7,1.4,8.5,123878,1,False,6,113216.16981132075,10661.830188679247,589765.0188679246,28257.981132075423
2024-06-19,103078,1390,600603,0.0,0.0,0.0,31.7,22.2,1.1,8.5,104468,2,False,6,119606.42307692308,-15138.423076923078,624117.75,-23514.75
2024-06-20,124507,2030,671931,0.0,0.0,0.0,32.8,22.2,1.5,7.6,126537,3,False,6,125640.19230769231,896.8076923076878,657690.5,14240.5
2024-06-21,119220,1907,752301,0.0,0.0,0.0,34.4,24.4,1.6,11.6,121127,4,False,6,119305.53846153847,1821.4615384615317,718960.8461538461,33340.15384615387
2024-06-22,117840,1681,800410,2.8,0.0,0.0,33.9,23.9,0.4,8.1,119521,5,True,6,121461.96153846153,-1940.9615384615317,769462.0384615385,30947.961538461503
2024-06-23,102552,1537,684507,0.0,0.0,0.0,33.3,22.8,,13.0,104089,6,True,6,102865.36538461539,1223.6346153846098,659976.0961538461,24530.903846153873
2024-06-24,109939,1834,590462,0.0,0.0,0.0,26.7,22.2,,15.7,111773,0,False,6,98257.96226415095,13515.037735849051,563058.9811320754,27403.018867924577
2024-06-25,126809,2032,621100,0.0,0.0,0.0,32.2,20.6,1.9,9.8,128841,1,False,6,113216.16981132075,15624.830188679247,589765.0188679246,31334.981132075423
2024-06-26,132825,2082,661202,2.0,0.0,0.0,33.9,21.1,1.8,20.6,134907,2,False,6,119606.42307692308,15300.576923076922,624117.75,37084.25
2024-06-27,127473,1978,651070,5.8,0.0,0.0,28.9,19.4,2.6,9.8,129451,3,False,6,125640.19230769231,3810.807692307688,657690.5,-6620.5
2024-06-28,111990,1840,690451,0.0,0.0,0.0,26.1,17.8,1.6,8.9,113830,4,False,6,119305.53846153847,-5475.538461538468,718960.8461538461,-28509.846153846127
2024-06-29,109627,1569,758313,1.5,0.0,0.0,26.1,18.9,1.9,11.6,111196,5,True,6,121461.96153846153,-10265.961538461532,769462.0384615385,-11149.038461538497
2024-06-30,91545,1408,658129,4.6,0.0,0.0,29.4,21.1,2.2,10.3,92953,6,True,6,102865.36538461539,-9912.36538461539,659976.0961538461,-1847.096153846127
2024-07-01,85618,1638,539821,0.0,0.0,0.0,27.2,17.8,2.7,12.5,87256,0,False,7,98257.96226415095,-11001.962264150949,563058.9811320754,-23237.981132075423
2024-07-02,87784,1632,534228,0.0,0.0,0.0,30.0,18.9,1.4,7.6,89416,1,False,7,113216.16981132075,-23800.169811320753,589765.0188679246,-55537.01886792458
2024-07-03,80419,1722,571547,0.0,0.0,0.0,28.3,20.6,1.7,10.7,82141,2,False,7,119606.42307692308,-37465.42307692308,624117.75,-52570.75
2024-07-04,61817,937,557457,1.0,0.0,0.0,31.7,21.1,1.3,8.1,62754,3,False,7,125640.19230769231,-62886.19230769231,657690.5,-100233.5
2024-07-05,74137,1524,614867,2.5,0.0,0.0,32.2,23.3,0.7,8.9,75661,4,False,7,119305.53846153847,-43644.53846153847,718960.8461538461,-104093.84615384613
2024-07-06,75081,1400,622618,1.3,0.0,0.0,33.3,22.8,0.6,8.1,76481,5,True,7,121461.96153846153,-44980.96153846153,769462.0384615385,-146844.0384615385
2024-07-07,75808,1430,582632,0.0,0.0,0.0,33.9,26.1,1.8,7.2,77238,6,True,7,102865.36538461539,-25627.36538461539,659976.0961538461,-77344.09615384613
2024-07-08,91186,1701,541966,0.0,0.0,0.0,35.0,25.0,0.9,6.7,92887,0,False,7,98257.96226415095,-5370.962264150949,563058.9811320754,-21092.981132075423
2024-07-09,110714,1799,577828,0.0,0.0,0.0,31.7,23.9,1.0,8.5,112513,1,False,7,113216.16981132075,-703.1698113207531,589765.0188679246,-11937.018867924577
2024-07-10,118863,2025,620963,0.0,0.0,0.0,32.8,25.6,1.4,13.0,120888,2,False,7,119606.42307692308,1281.576923076922,624117.75,-3154.75
2024-07-11,117833,2002,637513,2.8,0.0,0.0,31.7,23.9,2.1,10.7,119835,3,False,7,125640.19230769231,-5805.192307692312,657690.5,-20177.5
2024-07-12,101629,1777,692391,1.5,0.0,0.0,28.9,22.2,0.6,6.7,103406,4,False,7,119305.53846153847,-15899.538461538468,718960.8461538461,-26569.846153846127
2024-07-13,100839,1490,747835,52.3,0.0,0.0,30.6,22.2,0.7,6.3,102329,5,True,7,121461.96153846153,-19132.96153846153,769462.0384615385,-21627.038461538497
2024-07-14,96365,1398,669057,0.0,0.0,0.0,32.2,23.9,1.1,10.7,97763,6,True,7,102865.36538461539,-5102.36538461539,659976.0961538461,9080.903846153873
2024-07-15,102196,1777,591304,3.0,0.0,0.0,32.8,22.8,1.1,9.8,103973,0,False,7,98257.96226415095,5715.037735849051,563058.9811320754,28245.018867924577
2024-07-16,127633,1835,625649,0.0,0.0,0.0,34.4,25.6,1.7,13.0,129468,1,False,7,113216.16981132075,16251.830188679247,589765.0188679246,35883.98113207542
2024-07-17,128179,1972,657893,37.1,0.0,0.0,32.2,22.2,1.3,10.7,130151,2,False,7,119606.42307692308,10544.576923076922,624117.75,33775.25
2024-07-18,120270,1872,650821,0.0,0.0,0.0,30.0,22.2,1.2,8.1,122142,3,False,7,125640.19230769231,-3498.192307692312,657690.5,-6869.5
2024-07-19,105658,1807,687357,0.0,0.0,0.0,28.3,19.4,1.3,7.2,107465,4,False,7,119305.53846153847,-11840.538461538468,718960.8461538461,-31603.846153846127
2024-07-20,105854,1543,729651,0.0,0.0,0.0,28.3,21.7,0.9,8.9,107397,5,True,7,121461.96153846153,-14064.961538461532,769462.0384615385,-39811.0384615385
2024-07-21,92993,1557,640131,0.0,0.0,0.0,31.1,22.8,1.2,6.7,94550,6,True,7,102865.36538461539,-8315.36538461539,659976.0961538461,-19845.096153846127
2024-07-22,94033,1669,537763,0.3,0.0,0.0,28.9,21.7,1.2,8.5,95702,0,False,7,98257.96226415095,-2555.9622641509486,563058.9811320754,-25295.981132075423
2024-07-23,109294,1816,571649,2.8,0.0,0.0,27.2,21.7,1.8,6.7,111110,1,False,7,113216.16981132075,-2106.169811320753,589765.0188679246,-18116.018867924577
2024-07-24,114086,1812,597025,0.0,0.0,0.0,27.2,22.8,1.9,7.6,115898,2,False,7,119606.42307692308,-3708.423076923078,624117.75,-27092.75
2024-07-25,113980,1893,623595,0.0,0.0,0.0,28.3,22.2,1.3,8.9,115873,3,False,7,125640.19230769231,-9767.192307692312,657690.5,-34095.5
2024-07-26,99004,1787,686767,0.0,0.0,0.0,28.9,19.4,2.3,10.7,100791,4,False,7,119305.53846153847,-18514.53846153847,718960.8461538461,-32193.846153846127
2024-07-27,96842,1390,728559,0.0,0.0,0.0,30.6,20.6,1.6,7.2,98232,5,True,7,121461.96153846153,-23229.96153846153,769462.0384615385,-40903.0384615385
2024-07-28,88862,1483,632643,0.0,0.0,0.0,31.7,21.1,1.7,6.7,90345,6,True,7,102865.36538461539,-12520.36538461539,659976.0961538461,-27333.096153846127
2024-07-29,87840,1743,532866,1.3,0.0,0.0,28.9,20.0,1.3,7.2,89583,0,False,7,98257.96226415095,-8674.962264150949,563058.9811320754,-30192.981132075423
2024-07-30,102477,1654,565578,0.0,0.0,0.0,31.1,23.9,1.3,11.2,104131,1,False,7,113216.16981132075,-9085.169811320753,589765.0188679246,-24187.018867924577
2024-07-31,109582,1735,612960,0.8,0.0,0.0,31.7,22.8,1.5,12.5,111317,2,False,7,119606.42307692308,-8289.423076923078,624117.75,-11157.75
2024-08-01,117167,1863,654733,0.0,0.0,0.0,35.0,24.4,0.9,7.2,119030,3,False,8,125640.19230769231,-6610.192307692312,657690.5,-2957.5
2024-08-02,108219,1891,727681,13.2,0.0,0.0,33.3,23.3,1.1,10.7,110110,4,False,8,119305.53846153847,-9195.538461538468,718960.8461538461,8720.153846153873
2024-08-03,113458,1462,755990,18.5,0.0,0.0,33.9,22.8,1.8,9.8,114920,5,True,8,121461.96153846153,-6541.961538461532,769462.0384615385,-13472.038461538497
2024-08-04,86902,1383,618929,4.3,0.0,0.0,28.3,21.7,1.4,7.6,88285,6,True,8,102865.36538461539,-14580.36538461539,659976.0961538461,-41047.09615384613
2024-08-05,94258,1666,555334,0.0,0.0,0.0,32.2,22.8,1.2,8.5,95924,0,False,8,98257.96226415095,-2333.9622641509486,563058.9811320754,-7724.981132075423
2024-08-06,119288,1937,638271,52.8,0.0,0.0,32.2,22.2,1.5,8.5,121225,1,False,8,113216.16981132075,8008.830188679247,589765.0188679246,48505.98113207542
2024-08-07,110119,1816,613827,3.3,0.0,0.0,22.2,17.8,3.7,12.5,111935,2,False,8,119606.42307692308,-7671.423076923078,624117.75,-10290.75
2024-08-08,109615,1852,655766,9.1,0.0,0.0,21.1,18.3,3.2,9.8,111467,3,False,8,125640.19230769231,-14173.192307692312,657690.5,-1924.5
2024-08-09,92332,1541,677014,2.8,0.0,0.0,26.7,21.1,2.7,14.3,93873,4,False,8,119305.53846153847,-25432.53846153847,718960.8461538461,-41946.84615384613
2024-08-10,96172,1348,694488,0.0,0.0,0.0,29.4,22.8,2.0,8.9,97520,5,True,8,121461.96153846153,-23941.96153846153,769462.0384615385,-74974.0384615385
2024-08-11,81599,1389,601451,0.0,0.0,0.0,26.7,20.6,1.3,8.9,82988,6,True,8,102865.36538461539,-19877.36538461539,659976.0961538461,-58525.09615384613
2024-08-12,80583,1667,512828,0.0,0.0,0.0,27.2,18.9,1.5,9.4,82250,0,False,8,98257.96226415095,-16007.962264150949,563058.9811320754,-50230.98113207542
2024-08-13,91892,1631,520024,0.0,0.0,0.0,27.2,17.8,1.6,8.9,93523,1,False,8,113216.16981132075,-19693.169811320753,589765.0188679246,-69741.01886792458
2024-08-14,99548,1658,568184,0.0,0.0,0.0,29.4,19.4,1.4,9.8,101206,2,False,8,119606.42307692308,-18400.423076923078,624117.75,-55933.75
2024-08-15,101551,1777,610757,0.0,0.0,0.0,30.0,20.0,0.4,5.8,103328,3,False,8,125640.19230769231,-22312.192307692312,657690.5,-46933.5
2024-08-16,94703,1638,667645,0.0,0.0,0.0,30.6,21.1,1.4,8.1,96341,4,False,8,119305.53846153847,-22964.53846153847,718960.8461538461,-51315.84615384613
2024-08-17,93655,1476,704176,1.0,0.0,0.0,26.1,19.4,1.6,8.9,95131,5,True,8,121461.96153846153,-26330.96153846153,769462.0384615385,-65286.0384615385
2024-08-18,83816,1392,619447,58.2,0.0,0.0,27.2,20.6,1.4,11.2,85208,6,True,8,102865.36538461539,-17657.36538461539,659976.0961538461,-40529.09615384613
2024-08-19,84721,1682,528585,6.4,0.0,0.0,28.9,20.0,1.3,10.7,86403,0,False,8,98257.96226415095,-11854.962264150949,563058.9811320754,-34473.98113207542
2024-08-20,93286,1661,530540,0.0,0.0,0.0,22.2,16.1,2.6,9.8,94947,1,False,8,113216.16981132075,-18269.169811320753,589765.0188679246,-59225.01886792458
2024-08-21,94327,1684,545720,0.0,0.0,0.0,22.8,13.9,2.6,10.7,96011,2,False,8,119606.42307692308,-23595.423076923078,624117.75,-78397.75
2024-08-22,96081,1713,573296,0.0,0.0,0.0,24.4,15.0,1.5,8.5,97794,3,False,8,125640.19230769231,-27846.192307692312,657690.5,-84394.5
2024-08-23,91741,1682,644699,0.0,0.0,0.0,26.7,16.7,1.2,8.5,93423,4,False,8,119305.53846153847,-25882.53846153847,718960.8461538461,-74261.84615384613
2024-08-24,90700,1468,695765,0.0,0.0,0.0,28.3,18.3,0.6,6.3,92168,5,True,8,121461.96153846153,-29293.96153846153,769462.0384615385,-73697.0384615385
2024-08-25,84073,1494,605263,0.0,0.0,0.0,29.4,20.0,1.2,7.2,85567,6,True,8,102865.36538461539,-17298.36538461539,659976.0961538461,-54713.09615384613
2024-08-26,85984,1885,521194,1.0,0.0,0.0,29.4,20.6,1.0,7.2,87869,0,False,8,98257.96226415095,-10388.962264150949,563058.9811320754,-41864.98113207542
2024-08-27,94520,1851,528803,0.0,0.0,0.0,30.0,19.4,1.1,8.5,96371,1,False,8,113216.16981132075,-16845.169811320753,589765.0188679246,-60962.01886792458
2024-08-28,104455,1916,589450,0.0,0.0,0.0,32.8,23.3,2.2,9.4,106371,2,False,8,119606.42307692308,-13235.423076923078,624117.75,-34667.75
2024-08-29,100646,1960,599633,0.0,0.0,0.0,27.8,21.1,2.9,10.7,102606,3,False,8,125640.19230769231,-23034.192307692312,657690.5,-58057.5
2024-08-30,93923,1902,673547,7.6,0.0,0.0,23.3,16.1,2.4,8.9,95825,4,False,8,119305.53846153847,-23480.53846153847,718960.8461538461,-45413.84615384613
2024-08-31,89858,1521,695352,0.0,0.0,0.0,25.0,19.4,0.9,6.7,91379,5,True,8,121461.96153846153,-30082.96153846153,769462.0384615385,-74110.0384615385
2024-09-01,89547,1461,639911,0.0,0.0,0.0,27.2,22.8,1.2,6.3,91008,6,True,9,102865.36538461539,-11857.36538461539,659976.0961538461,-20065.096153846127
2024-09-02,80373,1546,527015,0.0,0.0,0.0,26.1,17.2,2.0,10.3,81919,0,False,9,98257.96226415095,-16338.962264150949,563058.9811320754,-36043.98113207542
2024-09-03,102984,2049,553452,0.0,0.0,0.0,23.3,14.4,1.8,9.4,105033,1,False,9,113216.16981132075,-8183.169811320753,589765.0188679246,-36313.01886792458
2024-09-04,118488,1983,582700,0.0,0.0,0.0,25.0,15.0,0.9,6.3,120471,2,False,9,119606.42307692308,864.576923076922,624117.75,-41417.75
2024-09-05,130232,2022,632493,0.0,0.0,0.0,25.0,16.1,2.0,8.5,132254,3,False,9,125640.19230769231,6613.807692307688,657690.5,-25197.5
2024-09-06,128739,2076,707782,0.0,0.0,0.0,25.6,17.2,1.5,8.9,130815,4,False,9,119305.53846153847,11509.461538461532,718960.8461538461,-11178.846153846127
2024-09-07,124714,1585,758304,6.1,0.0,0.0,24.4,15.0,1.5,10.3,126299,5,True,9,121461.96153846153,4837.038461538468,769462.0384615385,-11158.038461538497
2024-09-08,112643,1480,654093,0.0,0.0,0.0,20.6,12.8,2.2,11.2,114123,6,True,9,102865.36538461539,11257.63461538461,659976.0961538461,-5883.096153846127
2024-09-09,108295,1828,567476,0.0,0.0,0.0,23.9,12.8,1.1,8.9,110123,0,False,9,98257.96226415095,11865.037735849051,563058.9811320754,4417.018867924577
2024-09-10,121703,1777,577531,0.0,0.0,0.0,25.6,16.7,1.9,6.7,123480,1,False,9,113216.16981132075,10263.830188679247,589765.0188679246,-12234.018867924577
2024-09-11,120419,1852,585193,0.0,0.0,0.0,26.1,15.0,1.0,5.4,122271,2,False,9,119606.42307692308,2664.576923076922,624117.75,-38924.75
2024-09-12,138551,1904,643744,0.0,0.0,0.0,26.7,16.7,0.8,7.2,140455,3,False,9,125640.19230769231,14814.807692307688,657690.5,-13946.5
2024-09-13,129364,1897,708941,0.0,0.0,0.0,27.8,17.2,0.6,6.3,131261,4,False,9,119305.53846153847,11955.461538461532,718960.8461538461,-10019.846153846127
2024-09-14,133562,1540,751975,0.0,0.0,0.0,28.3,18.3,1.2,7.6,135102,5,True,9,121461.96153846153,13640.038461538468,769462.0384615385,-17487.038461538497
2024-09-15,113863,1401,647138,0.0,0.0,0.0,26.7,17.2,2.1,8.1,115264,6,True,9,102865.36538461539,12398.63461538461,659976.0961538461,-12838.096153846127
2024-09-16,107265,1837,557506,0.0,0.0,0.0,25.0,15.6,2.3,7.6,109102,0,False,9,98257.96226415095,10844.037735849051,563058.9811320754,-5552.981132075423
2024-09-17,128286,1926,574276,0.0,0.0,0.0,26.1,18.3,2.1,6.7,130212,1,False,9,113216.16981132075,16995.830188679247,589765.0188679246,-15489.018867924577
2024-09-18,135073,2052,612854,0.0,0.0,0.0,23.9,19.4,2.9,9.8,137125,2,False,9,119606.42307692308,17518.576923076922,624117.75,-11263.75
2024-09-19,142778,2111,643903,0.0,0.0,0.0,28.9,19.4,2.4,8.9,144889,3,False,9,125640.19230769231,19248.807692307688,657690.5,-13787.5
2024-09-20,135447,1977,714999,0.0,0.0,0.0,27.2,19.4,3.0,9.8,137424,4,False,9,119305.53846153847,18118.46153846153,718960.8461538461,-3961.846153846127
2024-09-21,137881,1682,750487,0.0,0.0,0.0,26.1,17.2,3.0,8.9,139563,5,True,9,121461.96153846153,18101.03846153847,769462.0384615385,-18975.038461538497
2024-09-22,116790,1585,656458,0.0,0.0,0.0,23.3,16.1,2.7,11.6,118375,6,True,9,102865.36538461539,15509.63461538461,659976.0961538461,-3518.096153846127
2024-09-23,111640,1915,555204,1.0,0.0,0.0,19.4,15.0,2.6,9.8,113555,0,False,9,98257.96226415095,15297.037735849051,563058.9811320754,-7854.981132075423
2024-09-24,116282,1929,559922,0.0,0.0,0.0,20.0,15.0,2.5,8.1,118211,1,False,9,113216.16981132075,4994.830188679247,589765.0188679246,-29843.018867924577
2024-09-25,124161,1953,593234,0.0,0.0,0.0,20.0,16.7,2.2,,126114,2,False,9,119606.42307692308,6507.576923076922,624117.75,-30883.75
2024-09-26,132813,2225,649279,2.0,0.0,0.0,23.3,17.8,0.9,5.8,135038,3,False,9,125640.19230769231,9397.807692307688,657690.5,-8411.5
2024-09-27,124390,1945,712609,4.6,0.0,0.0,23.3,17.2,1.8,10.3,126335,4,False,9,119305.53846153847,7029.461538461532,718960.8461538461,-6351.846153846127
2024-09-28,142393,1595,833825,6.6,0.0,0.0,20.0,16.1,3.9,11.6,143988,5,True,9,121461.96153846153,22526.03846153847,769462.0384615385,64362.9615384615
2024-09-29,119604,1489,699302,19.8,0.0,0.0,17.2,15.6,2.6,9.8,121093,6,True,9,102865.36538461539,18227.63461538461,659976.0961538461,39325.90384615387
2024-09-30,104745,1800,558182,0.0,0.0,0.0,22.2,15.6,2.3,9.4,106545,0,False,9,98257.96226415095,8287.037735849051,563058.9811320754,-4876.981132075423
2024-10-01,119133,1885,573904,0.0,0.0,0.0,20.6,15.6,2.8,9.8,121018,1,False,10,113216.16981132075,7801.830188679247,589765.0188679246,-15861.018867924577
2024-10-02,113906,1850,585128,0.0,0.0,0.0,20.0,14.4,1.9,7.6,115756,2,False,10,119606.42307692308,-3850.423076923078,624117.75,-38989.75
2024-10-03,108847,1782,590333,0.0,0.0,0.0,22.2,16.7,0.4,5.8,110629,3,False,10,125640.19230769231,-15011.192307692312,657690.5,-67357.5
2024-10-04,112431,1693,671178,0.0,0.0,0.0,22.8,15.6,0.5,6.7,114124,4,False,10,119305.53846153847,-5181.538461538468,718960.8461538461,-47782.84615384613
2024-10-05,124443,1661,739546,0.0,0.0,0.0,23.9,16.1,1.9,9.4,126104,5,True,10,121461.96153846153,4642.038461538468,769462.0384615385,-29916.038461538497
2024-10-06,103627,1474,636949,0.0,0.0,0.0,21.7,12.8,1.1,8.9,105101,6,True,10,102865.36538461539,2235.63461538461,659976.0961538461,-23027.096153846127
2024-10-07,102014,1758,548487,0.0,0.0,0.0,23.9,14.4,2.5,10.3,103772,0,False,10,98257.96226415095,5514.037735849051,563058.9811320754,-14571.981132075423
2024-10-08,121402,1756,577021,0.0,0.0,0.0,20.0,11.7,1.3,8.1,123158,1,False,10,113216.16981132075,9941.830188679247,589765.0188679246,-12744.018867924577
2024-10-09,129915,1851,605245,0.0,0.0,0.0,20.0,12.2,1.6,10.7,131766,2,False,10,119606.42307692308,12159.576923076922,624117.75,-18872.75
2024-10-10,143206,2057,655888,0.0,0.0,0.0,16.7,9.4,2.8,10.7,145263,3,False,10,125640.19230769231,19622.807692307688,657690.5,-1802.5
2024-10-11,128821,1747,708742,0.0,0.0,0.0,20.0,7.8,1.9,10.7,130568,4,False,10,119305.53846153847,11262.461538461532,718960.8461538461,-10218.846153846127
2024-10-12,130159,1739,753214,0.0,0.0,0.0,23.3,13.3,2.2,12.5,131898,5,True,10,121461.96153846153,10436.038461538468,769462.0384615385,-16248.038461538497
2024-10-13,109969,1414,664812,0.0,0.0,0.0,20.6,12.8,2.2,8.5,111383,6,True,10,102865.36538461539,8517.63461538461,659976.0961538461,4835.903846153873
2024-10-14,101513,1601,542516,0.0,0.0,0.0,18.9,8.9,2.7,15.7,103114,0,False,10,98257.96226415095,4856.037735849051,563058.9811320754,-20542.981132075423
2024-10-15,128893,1858,593749,0.0,0.0,0.0,13.9,7.2,2.6,10.7,130751,1,False,10,113216.16981132075,17534.830188679247,589765.0188679246,3983.9811320754234
2024-10-16,134891,2104,620972,0.0,0.0,0.0,15.0,6.7,2.8,10.3,136995,2,False,10,119606.42307692308,17388.576923076922,624117.75,-3145.75
2024-10-17,136330,2083,655040,0.0,0.0,0.0,14.4,6.1,2.3,9.4,138413,3,False,10,125640.19230769231,12772.807692307688,657690.5,-2650.5
2024-10-18,133213,1923,720847,0.0,0.0,0.0,18.9,8.9,1.9,9.8,135136,4,False,10,119305.53846153847,15830.461538461532,718960.8461538461,1886.153846153873
2024-10-19,135827,1649,763535,0.0,0.0,0.0,21.7,10.0,0.6,4.5,137476,5,True,10,121461.96153846153,16014.038461538468,769462.0384615385,-5927.038461538497
2024-10-20,117129,1461,659387,0.0,0.0,0.0,22.8,11.1,0.7,5.8,118590,6,True,10,102865.36538461539,15724.63461538461,659976.0961538461,-589.096153846127
2024-10-21,107430,1783,551909,0.0,0.0,0.0,26.1,13.9,1.2,5.4,109213,0,False,10,98257.96226415095,10955.037735849051,563058.9811320754,-11149.981132075423
2024-10-22,121106,1867,570808,0.0,0.0,0.0,27.2,16.7,0.6,5.8,122973,1,False,10,113216.16981132075,9756.830188679247,589765.0188679246,-18957.018867924577
2024-10-23,128223,1910,598695,0.0,0.0,0.0,23.9,15.0,0.9,8.9,130133,2,False,10,119606.42307692308,10526.576923076922,624117.75,-25422.75
2024-10-24,137337,2016,646741,0.0,0.0,0.0,20.6,11.7,2.2,9.4,139353,3,False,10,125640.19230769231,13712.807692307688,657690.5,-10949.5
2024-10-25,136066,1914,748839,0.0,0.0,0.0,16.7,7.8,1.3,9.8,137980,4,False,10,119305.53846153847,18674.46153846153,718960.8461538461,29878.153846153873
2024-10-26,148481,1847,851388,0.0,0.0,0.0,17.8,10.6,2.4,13.9,150328,5,True,10,121461.96153846153,28866.03846153847,769462.0384615385,81925.9615384615
2024-10-27,119822,1681,718149,0.0,0.0,0.0,13.9,7.2,1.3,9.4,121503,6,True,10,102865.36538461539,18637.63461538461,659976.0961538461,58172.90384615387
2024-10-28,110595,1823,563662,0.0,0.0,0.0,16.1,7.8,1.3,6.3,112418,0,False,10,98257.96226415095,14160.037735849051,563058.9811320754,603.0188679245766
2024-10-29,126931,1971,587264,0.3,0.0,0.0,17.2,11.1,1.4,10.3,128902,1,False,10,113216.16981132075,15685.830188679247,589765.0188679246,-2501.0188679245766
2024-10-30,132692,1937,624641,0.0,0.0,0.0,24.4,14.4,1.5,7.6,134629,2,False,10,119606.42307692308,15022.576923076922,624117.75,523.25
2024-10-31,129428,2058,699693,0.0,0.0,0.0,27.2,16.1,1.7,8.9,131486,3,False,10,125640.19230769231,5845.807692307688,657690.5,42002.5
2024-11-01,137690,1773,778575,0.0,0.0,0.0,26.1,13.9,2.8,14.3,139463,4,False,11,119305.53846153847,20157.46153846153,718960.8461538461,59614.15384615387
2024-11-02,137723,1606,796385,0.0,0.0,0.0,15.6,8.3,1.9,8.1,139329,5,True,11,121461.96153846153,17867.03846153847,769462.0384615385,26922.961538461503
2024-11-03,122355,1266,655279,0.0,0.0,0.0,12.2,5.0,2.3,8.9,123621,6,True,11,102865.36538461539,20755.63461538461,659976.0961538461,-4697.096153846127
2024-11-04,101625,1896,542535,0.0,0.0,0.0,14.4,6.7,1.8,7.6,103521,0,False,11,98257.96226415095,5263.037735849051,563058.9811320754,-20523.981132075423
2024-11-05,97522,1592,538929,0.0,0.0,0.0,22.8,12.2,1.5,9.8,99114,1,False,11,113216.16981132075,-14102.169811320753,589765.0188679246,-50836.01886792458
2024-11-06,115498,1843,586630,0.0,0.0,0.0,26.7,17.8,1.8,9.8,117341,2,False,11,119606.42307692308,-2265.423076923078,624117.75,-37487.75
2024-11-07,130018,1981,636780,0.0,0.0,0.0,22.8,12.2,2.3,11.6,131999,3,False,11,125640.19230769231,6358.807692307688,657690.5,-20910.5
2024-11-08,129608,1914,718510,0.0,0.0,0.0,20.6,10.0,2.4,16.5,131522,4,False,11,119305.53846153847,12216.461538461532,718960.8461538461,-450.846153846127
2024-11-09,135547,1596,785354,0.0,0.0,0.0,12.2,6.1,1.9,12.5,137143,5,True,11,121461.96153846153,15681.038461538468,769462.0384615385,15891.961538461503
2024-11-10,113594,1325,685570,2.0,0.0,0.0,14.4,7.2,1.5,8.9,114919,6,True,11,102865.36538461539,12053.63461538461,659976.0961538461,25593.903846153873
2024-11-11,99824,1512,523449,2.5,0.0,0.0,20.0,12.8,2.9,13.4,101336,0,False,11,98257.96226415095,3078.0377358490514,563058.9811320754,-39609.98113207542
2024-11-12,127185,1975,601267,0.0,0.0,0.0,15.0,5.0,4.3,16.1,129160,1,False,11,113216.16981132075,15943.830188679247,589765.0188679246,11501.981132075423
2024-11-13,133298,2047,636108,0.0,0.0,0.0,10.0,2.8,2.8,10.3,135345,2,False,11,119606.42307692308,15738.576923076922,624117.75,11990.25
2024-11-14,141642,2061,678680,0.0,0.0,0.0,8.3,2.8,2.1,10.3,143703,3,False,11,125640.19230769231,18062.807692307688,657690.5,20989.5
2024-11-15,139683,1976,739721,0.0,0.0,0.0,14.4,5.0,2.2,10.7,141659,4,False,11,119305.53846153847,22353.46153846153,718960.8461538461,20760.153846153873
2024-11-16,149939,1647,801019,0.0,0.0,0.0,16.7,7.2,3.8,13.9,151586,5,True,11,121461.96153846153,30124.03846153847,769462.0384615385,31556.961538461503
2024-11-17,123375,1443,674508,0.0,0.0,0.0,17.2,6.7,2.1,9.4,124818,6,True,11,102865.36538461539,21952.63461538461,659976.0961538461,14531.903846153873
2024-11-18,113449,1834,563563,0.0,0.0,0.0,18.9,9.4,1.9,12.5,115283,0,False,11,98257.96226415095,17025.03773584905,563058.9811320754,504.0188679245766
2024-11-19,125361,1866,594968,0.0,0.0,0.0,15.6,8.3,1.0,8.1,127227,1,False,11,113216.16981132075,14010.830188679247,589765.0188679246,5202.981132075423
2024-11-20,133043,2004,636274,0.0,0.0,0.0,15.6,11.7,1.3,15.2,135047,2,False,11,119606.42307692308,15440.576923076922,624117.75,12156.25
2024-11-21,153149,2414,764996,39.9,0.0,0.0,12.2,2.8,3.1,10.7,155563,3,False,11,125640.19230769231,29922.807692307688,657690.5,107305.5
2024-11-22,150016,2085,823334,13.5,0.0,0.0,4.4,2.8,2.7,14.3,152101,4,False,11,119305.53846153847,32795.46153846153,718960.8461538461,104373.15384615387
2024-11-23,134768,1650,813408,0.5,0.0,0.0,9.4,2.8,3.7,17.4,136418,5,True,11,121461.96153846153,14956.038461538468,769462.0384615385,43945.9615384615
2024-11-24,108373,1362,680573,0.0,0.0,0.0,11.7,6.7,4.4,14.3,109735,6,True,11,102865.36538461539,6869.63461538461,659976.0961538461,20596.903846153873
2024-11-25,104082,1824,574511,0.0,0.0,0.0,12.2,5.0,1.4,8.1,105906,0,False,11,98257.96226415095,7648.037735849051,563058.9811320754,11452.018867924577
2024-11-26,114424,1987,617185,4.8,0.0,0.0,14.4,7.8,2.1,11.6,116411,1,False,11,113216.16981132075,3194.830188679247,589765.0188679246,27419.981132075423
2024-11-27,107719,1846,643942,0.0,0.0,0.0,11.1,6.1,2.0,8.5,109565,2,False,11,119606.42307692308,-10041.423076923078,624117.75,19824.25
2024-11-28,77244,1212,655145,21.8,0.0,0.0,9.4,5.6,2.5,14.3,78456,3,False,11,125640.19230769231,-47184.19230769231,657690.5,-2545.5
2024-11-29,86461,1329,586238,0.0,0.0,0.0,8.3,1.1,2.6,10.7,87790,4,False,11,119305.53846153847,-31515.53846153847,718960.8461538461,-132722.84615384613
2024-11-30,102157,1348,654097,0.0,0.0,0.0,3.9,-1.0,3.4,11.2,103505,5,True,11,121461.96153846153,-17956.96153846153,769462.0384615385,-115365.0384615385
2024-12-01,95651,1349,622709,0.0,0.0,0.0,3.3,-2.7,3.3,15.7,97000,6,True,12,102865.36538461539,-5865.36538461539,659976.0961538461,-37267.09615384613
2024-12-02,112167,1816,607917,0.0,0.0,0.0,3.9,-1.6,2.4,9.8,113983,0,False,12,98257.96226415095,15725.037735849051,563058.9811320754,44858.01886792458
2024-12-03,129263,1845,639082,0.0,0.0,0.0,5.6,0.0,2.7,11.6,131108,1,False,12,113216.16981132075,17891.830188679247,589765.0188679246,49316.98113207542
2024-12-04,133796,1992,673858,0.3,0.0,0.0,5.6,-1.0,2.0,14.3,135788,2,False,12,119606.42307692308,16181.576923076922,624117.75,49740.25
2024-12-05,148377,2146,742501,2.3,0.0,0.0,4.4,-0.5,3.8,17.9,150523,3,False,12,125640.19230769231,24882.807692307688,657690.5,84810.5
2024-12-06,147460,2156,824279,0.0,0.0,0.0,1.1,-1.0,3.8,16.5,149616,4,False,12,119305.53846153847,30310.46153846153,718960.8461538461,105318.15384615387
2024-12-07,145899,1675,849124,0.0,0.0,0.0,5.0,-0.5,3.4,10.7,147574,5,True,12,121461.96153846153,26112.03846153847,769462.0384615385,79661.9615384615
2024-12-08,118645,1377,700988,0.0,0.0,0.0,12.8,3.3,2.7,12.1,120022,6,True,12,102865.36538461539,17156.63461538461,659976.0961538461,41011.90384615387
2024-12-09,118424,1936,631446,4.6,0.0,0.0,10.6,6.7,1.6,6.7,120360,0,False,12,98257.96226415095,22102.03773584905,563058.9811320754,68387.01886792458
2024-12-10,138189,2064,661684,6.6,0.0,0.0,10.0,6.7,2.5,8.1,140253,1,False,12,113216.16981132075,27036.830188679247,589765.0188679246,71918.98113207542
2024-12-11,143326,2269,741829,21.6,0.0,0.0,15.6,5.0,2.9,13.4,145595,2,False,12,119606.42307692308,25988.576923076922,624117.75,117711.25
2024-12-12,156911,2370,748750,0.0,0.0,0.0,5.0,-1.6,4.2,17.4,159281,3,False,12,125640.19230769231,33640.80769230769,657690.5,91059.5
2024-12-13,159845,2214,843365,0.0,0.0,0.0,0.6,-2.7,3.0,10.3,162059,4,False,12,119305.53846153847,42753.46153846153,718960.8461538461,124404.15384615387
2024-12-14,159150,2037,883111,0.0,0.0,0.0,1.1,-3.2,2.2,8.9,161187,5,True,12,121461.96153846153,39725.03846153847,769462.0384615385,113648.9615384615
2024-12-15,125794,1611,732073,1.5,0.0,0.0,5.0,-2.1,2.3,7.6,127405,6,True,12,102865.36538461539,24539.63461538461,659976.0961538461,72096.90384615387
2024-12-16,115355,1865,654922,23.1,0.0,0.0,11.1,3.3,2.3,9.8,117220,0,False,12,98257.96226415095,18962.03773584905,563058.9811320754,91863.01886792458
2024-12-17,131046,1950,623419,0.5,0.0,0.0,15.0,9.4,2.3,10.3,132996,1,False,12,113216.16981132075,19779.830188679247,589765.0188679246,33653.98113207542
2024-12-18,140692,2214,692037,8.1,0.0,0.0,11.7,5.6,1.2,7.2,142906,2,False,12,119606.42307692308,23299.576923076922,624117.75,67919.25
2024-12-19,144181,2250,722150,1.3,0.0,0.0,7.2,2.8,3.0,13.0,146431,3,False,12,125640.19230769231,20790.807692307688,657690.5,64459.5
2024-12-20,138973,2028,789009,1.0,0.0,0.0,2.8,0.6,3.8,12.5,141001,4,False,12,119305.53846153847,21695.46153846153,718960.8461538461,70048.15384615387
2024-12-21,131279,1628,810767,3.8,46.0,50.0,0.6,-7.1,4.7,19.7,132907,5,True,12,121461.96153846153,11445.038461538468,769462.0384615385,41304.9615384615
2024-12-22,105211,1405,702234,0.0,0.0,30.0,-6.0,-10.5,3.4,13.0,106616,6,True,12,102865.36538461539,3750.63461538461,659976.0961538461,42257.90384615387
2024-12-23,95016,1626,608766,0.0,0.0,30.0,-0.5,-10.5,1.4,8.5,96642,0,False,12,98257.96226415095,-1615.9622641509486,563058.9811320754,45707.01886792458
2024-12-24,80805,1378,617047,2.5,25.0,30.0,3.9,-2.1,2.2,9.4,82183,1,False,12,113216.16981132075,-31033.169811320753,589765.0188679246,27281.981132075423
2024-12-25,54764,773,506732,0.0,0.0,30.0,1.7,-2.1,1.7,7.6,55537,2,False,12,119606.42307692308,-64069.42307692308,624117.75,-117385.75
2024-12-26,74814,1329,493537,0.0,0.0,30.0,2.2,-4.3,1.4,4.9,76143,3,False,12,125640.19230769231,-49497.19230769231,657690.5,-164153.5
2024-12-27,84802,1434,556751,0.0,0.0,30.0,6.7,-3.2,0.5,6.7,86236,4,False,12,119305.53846153847,-33069.53846153847,718960.8461538461,-162209.84615384613
2024-12-28,88213,1176,619990,14.2,0.0,0.0,12.2,4.4,0.6,5.4,89389,5,True,12,121461.96153846153,-32072.96153846153,769462.0384615385,-149472.0384615385
2024-12-29,79584,1076,545428,4.1,0.0,0.0,15.6,10.0,2.1,11.6,80660,6,True,12,102865.36538461539,-22205.36538461539,659976.0961538461,-114548.09615384613
2024-12-30,82021,1455,523113,9.4,0.0,0.0,14.4,9.4,2.9,13.4,83476,0,False,12,98257.96226415095,-14781.962264150949,563058.9811320754,-39945.98113207542
2024-12-31,88697,1537,700233,10.2,0.0,0.0,11.7,6.7,2.3,10.7,90234,1,False,12,113216.16981132075,-22982.169811320753,589765.0188679246,110467.98113207542
